	kk	ba	en	ru	tt	en_original
0	Трамптық белгісіздік	Билдәһеҙлек Трамп	Trump uncertainty	Неопределенность Трампа	Трампның Билгесезлеге	Trumpian Uncertainty
1	НЬЮ-ЙОРК – Әрбір қаңтар айында, мен алдағы жылға арналған болжамды дайындай бастаймын.	НЬЮ - ЙОРК-һәр ғинуар, һәм мин алдағы йылға прогноз әҙерләй башлайым.	New York-every January, I start preparing a forecast for the coming year.	НЬЮ-ЙОРК - каждый январь, и я начинаю готовить прогноз на предстоящий год.	Нью - ЙОРК-һәр гыйнвар, һәм мин киләсе елга фараз ясый башлыйм.	NEW YORK – Every January, I try to craft a forecast for the coming year.
2	Экономикалық болжау дайындау оңай іс емес; алайда, Гарри Трумэннің бір қолды экономисттердің болуына (екінші жағынан деп айта алмайтын) өтінішінде шындықтың барына қарамастан, менің болжамдарым дұрыс болды деп айта аламын.	Иҡтисади прогноздар әҙерләү-ябай булмаған бурыс; Әммә гарри Трумэндың бер ҡуллы иҡтисадсылар тураһында белдереүендә (икенсе яҡтан, тип әйтә алмаған) дөрөҫлөк өлөшө булыуына ҡарамаҫтан, минең фараздарым дөрөҫ булды тип әйтә алам.	Preparing economic forecasts is not an easy task; however, despite the fact that there is truth in Harry Truman's request to have one-handed economists (who cannot say that on the other hand), I can say that my predictions were correct.	Подготовка экономических прогнозов-непростая задача; однако я могу сказать, что мои прогнозы были правильными, несмотря на то, что в заявлении Гарри Трумэна о существовании одноруких экономистов (которые не могут сказать, что с другой стороны) есть доля правды.	Икътисади фаразлар әзерләү җиңел эш түгел; шулай да, мин әйтә алам, Гарри Труманның бер куллы икътисадчылар булуына карамастан (икенче яктан әйтә алмыйлар), Минем фаразларым дөрес иде.	Economic forecasting is notoriously difficult; but, notwithstanding the truth expressed in Harry Truman’s request for a one-armed economist (who wouldn’t be able to say “on the other hand”), my record has been credible.
3	Соңғы жылдары, мен күшті фискалдық ынталандыру болмаған жағдайда, (Еуропада немесе Америка Құрама Штаттарында жақын арада болжанбаған) 2008 жылдың Ұлы құлдырауынан сауығу баяу болады деп дұрыс таптым.	Һуңғы йылдарҙа мин, европала йәки Ҡушма Штаттарҙа оҙаҡламай фискаль стимулдарҙың булмауына инандым, тип уйлайым 2008 Йылғы Бөйөк рецессиянан һауығыу яй буласаҡ.	In recent years, I have rightly found that in the absence of strong fiscal stimulus (not foreseen in the near future in Europe or the United States), recovery from the Great Recession of 2008 will be slow.	В последние годы я был прав, полагая, что в отсутствие сильных фискальных стимулов (которые не были предсказаны в Европе или Соединенных Штатах в ближайшее время) выздоровление от Великой рецессии 2008 года будет медленным.	Соңгы елларда мин көчле финанс стимуллары булмаганда (тиздән Европада яки АКШта фаразланмаган) 2008-нче елда Бөек рецессиядән торгызу әкрен булыр дип уйларга хаклы идем.	In recent years, I correctly foresaw that, in the absence of stronger fiscal stimulus (which was not forthcoming in either Europe or the United States), recovery from the Great Recession of 2008 would be slow.
4	Осы болжамдарды жасаған кезде мен кешенді эконометрикалық модельдерге қарағанда базалық экономикалық күштерді талдауға толығырақ сүйенген болатынмын.	Мин был фараздарҙы эшләгәндә, комплекслы эконометрик моделдәргә ҡарағанда, нигеҙле иҡтисади көстәрҙе анализлауға нығыраҡ тырыштым.	When making these forecasts, I relied more on the analysis of basic economic forces than on complex econometric models.	Когда я делал эти прогнозы, я больше полагался на анализ базовых экономических сил, чем на комплексные эконометрические модели.	Бу фаразларны ясаганда, мин эконометрик модельләргә караганда төп икътисади көч анализына күбрәк таяндым.	In making these forecasts, I have relied more on analysis of underlying economic forces than on complex econometric models.
5	Мысалы, 2016 жылдың басында, соңғы бірнеше жыл бойы орын алған жаһандық жиынтық сұраныстың тапшылығының күрт өзгеруі екіталай екені анық көрінді.	Мәҫәлән, 2016 йылдың башында һуңғы бер нисә йылда глобаль ихтыяж дефицитының ҡырҡа үҙгәреүе икеле булыуы асыҡланды.	For example, at the beginning of 2016, it seemed obvious that the global aggregate demand deficit that has occurred over the past few years is unlikely to change dramatically.	Например, в начале 2016 года стало ясно, что резкое изменение глобального дефицита совокупного спроса, которое происходило в течение последних нескольких лет, маловероятно.	Мәсәлән, 2016 елның башында ачыкланды, соңгы берничә ел эчендә булган Глобаль гомуми таләп дефицитының кискен үзгәрүе мөмкин түгел.	For example, at the beginning of 2016, it seemed clear that the deficiencies of global aggregate demand that have been manifest for the last several years were unlikely to change dramatically.
6	Сондықтан, мен әсерлі қалыпқа келуді болжағандар туралы олар әлемді тым жақсы жағынан көріп, кемшіліктерді ескермей жатыр деп ойладым.	Шуға күрә мин кемдәр иҫ киткес ғәҙәти күренеш, улар донъяны бик яҡшы күрә һәм етешһеҙлектәрҙе һанға һуҡмай тип уйланым.	Therefore, I thought about those who predicted an impressive posture that they were seeing the world from too good a side and not taking into account the shortcomings.	Поэтому я подумал о тех, кто предсказал впечатляющую нормальность, что они видят мир слишком хорошо и игнорируют недостатки.	Шуңа күрә мин искиткеч нормальлекне фаразлаган кешеләр турында уйладым, алар дөньяны бик яхшы күрәләр һәм кимчелекләрне санга сукмыйлар.	Thus, I thought that forecasters of a stronger recovery were looking at the world through rose-tinted glasses.
7	Мен күткендей, көптеген экономикалық даму жағдайлары орын алды.	Көтөүемсә, иҡтисади үҫеш бик күп осраҡтар булды.	As I expected, many cases of economic development have occurred.	Как я и ожидал, произошло много случаев экономического развития.	Мин көткәнчә, икътисади үсеш очраклары күп булды.	Economic developments unfolded much as I anticipated.
8	Бірақ, 2016 жылдың саяси оқиғалары олай жайлы болмады.	Әммә 2016 йылдағы сәйәси ваҡиғалар уңайһыҙ булды.	But the political events of 2016 were not so comfortable.	Но политические события 2016 года были не такими уж комфортными.	Ләкин 2016-нчы елда булган сәяси вакыйгалар бик уңайлы түгел иде.	Not so the political events of 2016.
9	Мен, өсіп келе жатқан теңсіздік мәселесі, әсіресе АҚШ-та, сондай-ақ бүкіл әлем бойынша көптеген елдерде, шешілмесе, онда оның саяси салдары болатыны туралы көптеген жылдар бойы жазып келдім.	Әгәр үҫеүсе тигеҙһеҙлек проблемаһы АҠШ-та, шулай уҡ бөтә донъяның күп илдәрендә хәл ителмәһә, ул сәйәси эҙемтәләргә килтерәсәк, тип күп йылдар яҙҙым.	I have written for many years that the problem of growing inequality, especially in the United States, as well as in many countries around the world, if not solved, then it will have political consequences.	Я много лет писал о том, что если проблема растущего неравенства, особенно в США, а также во многих странах по всему миру, не будет решена, то она будет иметь политические последствия.	Мин күп еллар дәвамында тигезсезлек арту проблемасы, аеруча АКШТА, шулай ук бөтен дөнья буенча күп илләрдә чишелмәсә, бу сәяси нәтиҗәләргә китерәчәк дип яздым.	I had been writing for years that unless growing inequality – especially in the US, but also in many countries throughout the world – was addressed, there would be political consequences.
10	Бірақ теңсіздікке байланысты жағдай нашарлай бастады, тіпті АҚШ-та орташа өмір сүру ұзақтығы қысқаруда деген шошынышты деректер де белгілі болды.	ЛӘКИН тигеҙһеҙлек арҡаһында хәл насарая башланы, ҺӘМ хатта АҠШ-та уртаса ғүмер оҙонлоғоноң кәмеүе тураһында шокирующий мәғлүмәттәр билдәле булды.	But the situation with inequality began to deteriorate, and even shocking data became known that the average life expectancy in the United States is shrinking.	Но ситуация начала ухудшаться из-за неравенства, и стали известны даже шокирующие данные о том, что средняя продолжительность жизни в США сокращается.	Ләкин тигезсезлек аркасында хәл начарлана башлады, һәм хәтта АКШТА уртача гомер озынлыгы кими дигән шаккатыргыч мәгълүматлар да билгеле булды.	But inequality continued to worsen – with striking data showing that average life expectancy in the US was on the decline.
11	Энн Кейс және Ангус Дитонның өткен жылғы зерттеуінде айтылғандай, тұрғын халықтың үлкен сегменттерінде өмір сүру ұзақтығы қысқаруда, онын ішінде Американың Тот белдеуінің ашулы ерлері де бар.	Былтырғы Тикшеренеүҙәргә ярашлы, Энн Кейс һәм Ангус Дитон халыҡтың ҙур сегменттарында, Шул иҫәптән Американың Тутыҡ билбауында ғүмер оҙайлығы кәмей.	As noted in last year's study by Ann Case and Angus Deaton, life expectancy is shrinking in large segments of the residential population, including the Angry Men of America's Rust Belt.	Согласно прошлогоднему исследованию Энн Кейс и Ангуса Дитона, продолжительность жизни в больших сегментах населения сокращается, в том числе в ярости американского Ржавого пояса.	Энн Кейс һәм Ангус Дитонның узган елгы тикшеренүләре буенча, халыкның зур сегментларында гомер озынлыгы кими, шул исәптән америка датлы каешының ачуы.	These results were foreshadowed by a study last year, by Anne Case and Angus Deaton, which showed that life expectancy was on the decline for large segments of the population – including America’s so-called angry men of the Rust Belt.
12	Бірақ, табысы төмендердің 90%-ы ғасырдың үштен бірі бойы тоқырауда болған (және елеулі бөлігі төмендеп жатқан) жағдайда, денсаулық сақтау деректеріне жүгінсек, еліміздің өте үлкен бөлігінің жағдайы нашар.	Әммә килеме түбән булған кешеләрҙең 90 проценты сирек быуат дауамында торғонлоҡта торғанда (һәм байтаҡ өлөшө кәмей), илдең күпселек өлөшө, һаулыҡ һаҡлау мәғлүмәттәренә мөрәжәғәт итһәң, насар торошта.	But, given that 90% of low-income people have been in stagnation for a third of a century (and a significant part is declining), a very large part of the country is in poor condition if we turn to health data.	Но в тех случаях, когда 90% людей с низкими доходами находятся в застое на протяжении трети века (и значительная часть снижается), очень большая часть страны находится в плохом состоянии, если обратиться к данным здравоохранения.	Ләкин аз керемле кешеләрнең 90% өченче гасыр дәвамында туктап калган очракта (һәм зур өлеше кими), илнең бик зур өлеше начар хәлдә, әгәр сез сәламәтлек саклау мәгълүматларына мөрәҗәгать итсәгез.	But, with the incomes of the bottom 90% having stagnated for close to a third of a century (and declining for a significant proportion), the health data simply confirmed that things were not going well for very large swaths of the country.
13	Америка бұл үрдістің басында болғанымен, басқа жерлерде жағдай бұдан аса жақсы емес.	Америка был тенденцияның авангардында булһа ла, башҡа урындарҙа хәл күпкә яҡшыраҡ түгел.	While America is at the forefront of this trend, elsewhere things are no better.	Хотя Америка находится в авангарде этой тенденции, в других местах ситуация не намного лучше.	Америка бу тенденциянең алгы сафында булса да, бүтән урыннарда хәл яхшырак түгел.	And while America might be at the extreme of this trend, things were little better elsewhere.
14	Саяси салдардың болуы анық көрінгенімен, олардың нысаны мен мерзімдері әлдеқайда айқын болмады.	Сәйәси эҙемтәләр булыу асыҡ күренһә лә, уларҙың формаһы һәм ваҡыты аҙыраҡ асыҡ күренә.	Although the existence of political consequences seemed obvious, their form and timing were not much clearer.	Хотя наличие политических последствий казалось очевидным, их форма и сроки были менее очевидны.	Сәяси нәтиҗәләр ачык күренсә дә, аларның формасы һәм вакыты азрак ачык иде.	But, if it seemed clear that there would be political consequences, their form and timing were far less obvious.
15	Бұрын емес, ал дәл экономика түзетіліп келе жатқанда, АҚШ-та неге саяси қарсылық пайда болды?	Иртәрәк түгел, ә тап иҡтисад үҙгәргәс, НИ ӨСӨН АҠШ-та сәйәси ҡаршылыҡ барлыҡҡа килде?	Not before, and precisely when the economy was on the mend, why did political resistance arise in the United States?	Не раньше, а именно когда экономика поправлялась, почему в США возникло политическое сопротивление?	Элегрәк түгел, ә икътисад яхшыргач, ни өчен АКШТА сәяси каршылык барлыкка килде?	Why did the backlash in the US come just when the economy seemed to be on the mend, rather than earlier?
16	Және неге ол оңға қарай бет алды?	Һәм ни өсөн ул уңға киткән?	And why did he go to the right?	И почему он пошел направо?	Нигә ул уңга китте?	And why did it manifest itself in a lurch to the right?
17	Негізі, өздері қатты жақтаған жаһандану нәтижесінде жұмыс орындарын жоғалтқан адамдарға ұсынылатын көмекті бұғаттаған республикашылдар болды.	Асылда, тап республика халҡы глобалләшеү һөҙөмтәһендә эш урындарын юғалтҡан кешеләргә тәҡдим ителгән ярҙамды бикләне.	In fact, it was the Republicans who blocked the help offered to people who lost their jobs as a result of globalization, which they strongly advocated.	По сути, именно республиканцы заблокировали помощь, предлагаемую людям, потерявшим рабочие места в результате глобализации, за которую они яростно выступали.	Асылда, нәкъ менә республиканнар глобальләштерү нәтиҗәсендә эш урыннарын югалткан кешеләргә тәкъдим ителгән ярдәмне блокладылар, алар өчен.	After all, it was the Republicans who had blocked assistance to those losing their jobs as a result of the globalization they pushed assiduously.
18	26 штатта, медициналық көмекті кеңейтуге республиканшылдар қарсы болып, осылайша жағдайлары төмен адамдарға медициналық сақтандыру берілмеді.	26 штатта республика халҡы медицина ярҙамын киңәйтеүгә ҡаршы сығыш яһаны, шулай итеп, түбән шарттары булған кешеләргә медицина страховкаһы бирмәне.	In 26 states, the expansion of health care was opposed by Republicans, thus not providing health insurance to people with low conditions.	В 26 штатах республиканцы выступили против расширения медицинской помощи и, таким образом, не предоставили медицинскую страховку людям с низкими условиями.	26 штатта республиканнар медицина ярдәмен киңәйтүгә каршы тордылар һәм шулай итеп аз шартлы кешеләргә медицина страховкасы бирмәделәр.	It was the Republicans who, in 26 states, refused to allow the expansion of Medicaid, thereby denying health insurance to those at the bottom.
19	Және басқаларды пайдалана отырып өмір сүрген, ашық түрде салықты төлемегенін мойындап және салықтан жалтаруды мақтаныш қылған біреу қалайша жеңіске жетті?	Башҡаларҙы файҙаланып, кем йәшәгәнен асыҡтан-асыҡ таныған һәм һалым түләүҙән ҡасып йөрөүе менән ғорурланған?	And how did someone who lived using others, openly admitting that he did not pay taxes and proud of tax evasion win?	И как мог кто-то, кто жил, используя других, открыто признавал, что не платил налоги, и гордился тем, что уклонялся от уплаты налогов?	Башкаларны кулланып яшәгән кеше салымнар түләмәгәнен һәм салым түләүдән качуы белән ничек горурланган?	And why was the victor somebody who made his living from taking advantage of others, openly admitted not paying his fair share of taxes, and made tax avoidance a point of pride?
20	Дональд Трамп заман үрдісін дәл тапты: жағдай жақсы болмады, және көптеген сайлаушылар өзгерісті қалады.	Дональд Трамп ваҡыт трендын тапты: эштәр шәп барманы, һайлаусыларҙың күбеһе үҙгәрештәр теләне.	Donald Trump accurately found the trend of the times: things were not going well, and many voters wanted change.	Дональд Трамп точно нашел тренд времени: дела шли не очень хорошо, и многие избиратели хотели перемен.	Дональд Трамп вакыт тенденциясен төгәл тапты: эшләр бик яхшы бармады һәм күп сайлаучылар үзгәрешләр теләделәр.	Donald Trump grasped the spirit of the time: things weren’t going well, and many voters wanted change.
21	Енді олардың тілегі орындалады- ешқандай іс әдеттегідей болмайды.	Хәҙер уларҙың теләге тормошҡа ашасаҡ-бер эш тә ғәҙәти булмаясаҡ.	Now their wish will come true-no business will be as usual.	Теперь их желание сбудется-ни одно дело не будет обычным.	Хәзер аларның теләге тормышка ашачак-бер генә эш тә гадәти булмаячак.	Now they will get it: there will be no business as usual.
22	Бірақ мұндай белгісіздік әлі болмаған.	Әммә бындай билдәһеҙлек әлегә булманы.	But there was no such uncertainty yet.	Но такой неопределенности еще не было.	Ләкин мондый билгесезлек әле юк иде.	But seldom has there been more uncertainty.
23	Трамп қандай саясат жүргізетіні, олардың қайсысы табысқа жетеді немесе олардың салдары қандай болады - мұның бәрі белгісіз болып тұр.	Ниндәй сәйәсмәндәр үткәрергә Трамп, ниндәй улар уңышлы булыр йәки ниндәй эҙемтәләре булыр - былар барыһы ла билдәһеҙ ҡала.	What policies Trump will pursue, which of them will succeed or what will be their consequences - all this remains unknown.	Какие политики будет проводить Трамп, какие из них будут успешными или каковы будут их последствия - все это остается неясным.	Трампның нинди политикасы булачак, кайсысы уңышлы булыр, яисә аларның нәтиҗәләре нинди булыр-болар барысы да аңлашылмый кала.	Which policies Trump will pursue remains unknown, to say nothing of which will succeed or what the consequences will be.
24	Трамп қалай болса да сауда соғысын жасайтындай.	Трамп кеүек үк сауҙа һуғышын алып бара.	As if Trump is going to wage a trade war anyway.	Как будто Трамп каким-то образом ведет торговую войну.	Трамп ничектер сәүдә Сугышы алып барган кебек.	Trump seems hell-bent on having a trade war.
25	Бірақ Қытай мен Мексика қандай жауап қайтарады?	Әммә ҡытай һәм Мексика ниндәй яуап яуап бирәсәк?	But what kind of response will China and Mexico respond?	Но какой ответ ответят Китай и Мексика?	Ләкин Кытай һәм Мексика нинди җавап бирер?	But how will China and Mexico respond?
26	Трамп өзінің ұсыныстары Дүниежүзілік сауда ұйымы ережесін бұзатынын түсінуі-ақ мүмкін, бірақ ол сондай-ақ, ДСҰ оған қарсы шығуы үшін ұзақ уақыт қажет екенін білетін шығар.	Трамп аңларға мөмкин, уның тәҡдимдәр боҙа ҡағиҙәләрен Бөтә Донъя сауҙа ойошмаһы, әммә ул, моғайын, беләһеңме, күп ваҡыт талап ителәсәк, уға саҡырыу ташлай.	Trump may well understand that his proposals violate the rules of the World Trade Organization, but he also knows that it will take a long time for the WTO to challenge him.	Трамп может понять, что его предложения нарушают правила Всемирной торговой организации, но он также, вероятно, знает, что ВТО потребуется много времени, чтобы бросить ему вызов.	Трамп аның тәкъдимнәре Бөтендөнья сәүдә оешмасы кагыйдәләрен бозганын аңларга мөмкин, ләкин ул шулай ук БСО аңа каршы торыр өчен күп вакыт кирәклеген белә.	Trump may well understand that what he proposes will violate World Trade Organization rules, but he may also know that it will take a long time for the WTO to rule against him.
27	Ал ол уақытқа дейін, Американың сауда шоты қайта балансқа келуі мүмкін.	Ә Был Ваҡытҡа Американың сауҙа иҫәбе балансҡа әйләнеп ҡайта ала.	And by that time, America's trading account could be back on balance.	А к тому времени торговый счет Америки может вернуться на баланс.	Ул вакытта Американың сәүдә счеты баланска кире кайтырга мөмкин.	And by then, America’s trade account may have been rebalanced.
28	Бірақ бұл ойынды екі жақ та ойнай алады: Қытай, ұқсас әрекеттерді жасай алады, бірақ оның жауабы шеберлеу болуы мүмкін.	Әммә ике яҡ та был уйында уйнай ала: ҡытайҙар оҡшаш әйберҙәр эшләй ала, әммә яуап оҫта була ала.	But this game can be played by both sides: China, can perform similar actions, but the answer may be mastery.	Но обе стороны могут играть в эту игру: китайцы могут делать аналогичные вещи, но ответ может быть мастерским.	Ләкин ике як та бу уенны уйный ала: кытайлар да шундый ук эш эшли алалар, ләкин җавап оста булырга мөмкин.	But two can play that game: China can take similar actions, though its response is likely to be more subtle.
29	Бірақ сауда соғысы орын алса, қандай болар еді?	Әммә сауҙа һуғышы булған осраҡта нимә булыр ине?	But what would it be like if a trade war happened?	Но что было бы, если бы произошла торговая война?	Ләкин сәүдә сугышы булса, нәрсә булыр иде?	If a trade war were to break out, what would happen?
30	Трамптың жеңе аламын деп ойлауында негіз болуы мүмкін; өйткені, Қытай АҚШ-қа экспорт бойынша тәуелдірек болып табылады, бұл әрине АҚШ-қа артықшылық береді.	Трамптың ул еңә ала тип уйлауы мөмкин; ахыр сиктә, Ҡытай өҫтәрәк ҡушыла независимый экспорт буйынса АҠШ, был, ҺИС шикһеҙ, бирә АҠШ өҫтөнлөк.	Trump may have reason to think he can win; after all, China is more dependent on the US in terms of exports, which of course gives the US an advantage.	У Трампа могут быть основания полагать, что он может победить; в конце концов, Китай является более независимым по экспорту в США, что, безусловно, дает США преимущество.	Трамп җиңә ала дип ышанырга нигез булырга мөмкин; Кытай АКШка экспорт буенча мөстәкыйль, бу, әлбәттә, АКШка өстенлек бирә.	Trump may have reason to think he could win; after all, China is more dependent on exports to the US than the US is on exports to China, which gives the US an advantage.
